<?xml version="1.0" encoding="UTF-8" standalone="no"?>
<application>
    <name>CreativeCloud</name>
    <platform>win64</platform>
    <lbsurl>http://ccmdl.adobe.com/AdobeProducts/KCCC/1/win32/CreativeCloudSet-Up.exe</lbsurl>
    <packageSets>
        <packageSet>
            <name>AAM</name>
            <installPath>[AAM_PATH]</installPath>
            <sequenceNumber>4</sequenceNumber>
            <packages>
                <package>
                    <name>IPC</name>
                    <sequenceNumber>10</sequenceNumber>
                    <optional>false</optional>
                    <pimxPath>/AAM/IPC/IPC.pimx</pimxPath>
                </package>
            </packages>
            <filters>
                <filter type="operatingSystem">
                    <config>10.0.0</config>
                </filter>
            </filters>
            <additionalInfo>
                <skipProperties>
                    <property>skipAIM</property>
                </skipProperties>
                <unzipRetryCount>5</unzipRetryCount>
                <uninstallPackages>
                    <uninstallPackage>
                        <name>AdobeGCClient</name>
                        <sequenceNumber>0</sequenceNumber>
                    </uninstallPackage>
                    <uninstallPackage>
                        <name>CCM</name>
                        <sequenceNumber>10</sequenceNumber>
                    </uninstallPackage>
                </uninstallPackages>
            </additionalInfo>
        </packageSet>
        <packageSet>
            <name>ADC</name>
            <installPath>[ADC_PATH]</installPath>
            <sequenceNumber>5</sequenceNumber>
            <packages>
                <package>
                    <name>Runtime</name>
                    <sequenceNumber>0</sequenceNumber>
                    <optional>false</optional>
                    <pimxPath>/ADC/Runtime/Runtime.pimx</pimxPath>
                    <additionalInfo>
                        <restartRequired>true</restartRequired>
                        <skipProperties>
                            <property>skipRuntime</property>
                        </skipProperties>
                    </additionalInfo>
                </package>
                <package>
                    <name>IPCBox</name>
                    <sequenceNumber>5</sequenceNumber>
                    <optional>false</optional>
                    <pimxPath>/ADC/IPCBox/IPCBox.pimx</pimxPath>
                    <additionalInfo>
                        <restartRequired>true</restartRequired>
                        <skipProperties>
                            <property>skipIPCBox</property>
                            <property>skipAIM</property>
                        </skipProperties>
                    </additionalInfo>
                </package>
                <package>
                    <name>Core</name>
                    <sequenceNumber>20</sequenceNumber>
                    <optional>false</optional>
                    <pimxPath>/ADC/Core/Core.pimx</pimxPath>
                    <additionalInfo>
                        <restartRequired>true</restartRequired>
                        <skipProperties>
                            <property>skipCorePackage</property>
                        </skipProperties>
                    </additionalInfo>
                </package>
                <package>
                    <name>HDBox</name>
                    <sequenceNumber>100</sequenceNumber>
                    <optional>false</optional>
                    <pimxPath>/ADC/HDBox/HDBox.pimx</pimxPath>
                    <additionalInfo>
                        <restartRequired>true</restartRequired>
                        <skipProperties>
                            <property>skipHDBox</property>
                        </skipProperties>
                    </additionalInfo>
                </package>
                <package>
                    <name>LCC</name>
                    <sequenceNumber>150</sequenceNumber>
                    <optional>false</optional>
                    <pimxPath>/ADC/LCC/LCC.pimx</pimxPath>
                    <additionalInfo>
                        <restartRequired>true</restartRequired>
                        <skipProperties>
                            <property>skipLCC</property>
                        </skipProperties>
                    </additionalInfo>
                </package>
            </packages>
            <filters>
                <filter type="operatingSystem">
                    <config>10.0.0</config>
                </filter>
            </filters>
            <additionalInfo>
                <skipProperties>
                    <property>skipADC</property>
                </skipProperties>
                <launchExecutables/>
                <uninstallPackages>
                </uninstallPackages>
                <unzipRetryCount>5</unzipRetryCount>
            </additionalInfo>
        </packageSet>
    </packageSets>
    <version>5.4.1.534</version>
</application>
